엘에이티,r311060
대원모방,r311840
에어부산,r298690
비피도,r238200
지놈앤컴퍼니,r314130
키움제5호스팩,r311270
엔에이치스팩13호,r310840
유틸렉스,r263050
디케이티,r290550
미래에셋대우스팩2호,r310200
신영스팩4호,r307180
테크엔,r308700
삼성머스트스팩3호,r309930
위지윅스튜디오,r299900
한국제8호스팩,r310870
대신밸런스제6호스팩,r307750
에이비엘바이오,r298380
프로테옴텍,r303360
머큐리,r100590
전진바이오팜,r110020
뉴트리,r270870
골든브릿지이안5호,r307870
이노메트리,r302430
SK4호스팩,r307070
대유에이피,r290120
교보8호스팩,r307280
에코캡,r128540
베스파,r299910
비엔에프코퍼레이션,r271780
윙입푸드,r900340
하나머스트제6호스팩,r307160
남화산업,r111710
엠아이텍,r179290
티로보틱스,r117730
네오펙트,r290660
에이펙스인텍,r207490
티앤알바이오팹,r246710
나라소프트,r288490
아시아나IDT,r267850
디알젬,r263690
싸이토젠,r217330
아주IB투자,r027360
파멥신,r208340
디케이앤디,r263020
아이엘사이언스,r122050
디자인,r227100
노바렉스,r194700
셀리버리,r268600
대보마그네틱,r290670
노바텍,r285490
엘앤씨바이오,r290650
DB금융스팩6호,r306620
로보티즈,r108490
옵티팜,r153710
에스퓨얼셀,r288620
세아제강,r306200
나우아이비캐피탈,r293580
푸드나무,r290720
하나제약,r293480
크리스에프앤씨,r110790
IBKS제10호스팩,r299170
지티지웰니스,r219750
우진아이엔에스,r010400
명성티엔에스,r257370
삼성스팩2호,r291230
엔솔바이오사이언스,r140610
디지캡,r197140
대신밸런스제5호스팩,r303030
액트로,r290740
오파스넷,r173130
에이피티씨,r089970
바이오솔루션,r086820
리메드,r302550
더콘텐츠온,r302920
대유,r290380
엔케이맥스,r262760
신한알파리츠,r293940
디아이티,r110990
에스에스알,r275630
한일시멘트,r300720
휴네시온,r290270
티웨이항공,r091810
롯데정보통신,r286940
한국유니온제약,r080720
엠코르셋,r204020
IBKS제9호스팩,r297570
올릭스,r226950
테크트랜스,r258050
효성중공업,r298040
효성첨단소재,r298050
효성티앤씨,r298020
효성화학,r298000
아이큐어,r175250
SV인베스트먼트,r289080
엘리비젼,r276240
지앤이헬스케어,r299480
이리츠코크렙,r088260
EDGC,r245620
에스엠비나,r299670
HDC현대산업개발,r294870
하나금융11호스팩,r284620
파워넷,r037030
현대사료,r016790
세종메디칼,r258830
제노레이,r122310
디피코,r163430
한국제7호스팩,r291210
다이노나,r086080
유안타제3호스팩,r287410
에스제이켐,r217910
JTC,r950170
대신밸런스제3호스팩,r253590
위세아이텍,r065370
케어랩스,r263700
애경산업,r018250
에코마이스터,r064510
린드먼아시아,r277070
오스테오닉,r226400
엔지켐생명과학,r183490
동구바이오제약,r006620
아시아종묘,r154030
알리코제약,r260660
셀트리온,r068270
카페24,r042000
링크제니시스,r219420
배럴,r267790
SG,r255220
씨앤지하이테크,r264660
쿠쿠홈시스,r284740
SK케미칼,r285130
시스웍,r269620
TS트릴리온,r284610
라이프사이언스테크놀로지,r285770
한국제6호스팩,r281410
디바이스이엔지,r187870
바이오시네틱스,r281310
씨알푸드,r236030
동부스팩5호,r281740
휴럼,r284420
BGF리테일,r282330
동양피스톤,r092780
진에어,r272450
씨티케이코스메틱스,r260930
메카로,r241770
에스트래픽,r234300
케이씨텍,r281820
체리부로,r066360
대원,r007680
비즈니스온,r138580
동아타이어,r282690
삼양패키징,r272550
한화에이스스팩4호,r279410
스튜디오드래곤,r253450
IBKS제7호스팩,r276920
미디어젠,r279600
비디아이,r148140
코오롱티슈진,r950160
테이팩스,r055490
파인이엠텍,r278990
롯데제과,r280360
티에스아이,r277880
탑선,r180060
영화테크,r265560
세원,r234100
신한제4호스팩,r277480
상신전자,r263810
야스,r255440
인산가,r277410
에스엔피월드,r263920
신흥에스이씨,r243840
유티아이,r179900
선익시스템,r171090
엠플러스,r259630
앱클론,r174900
샘코,r263540
펄어비스,r263750
두원석재,r270020
케이피에스,r256940
시그넷이브이,r260870
덕우전자,r263600
명진홀딩스,r267060
이더블유케이,r258610
하나금융10호스팩,r270520
포인트엔지니어링,r176560
알에스오토메이션,r140670
컬러레이,r900310
엔에이치스팩12호,r273060
모트렉스,r118990
데이타솔루션,r263800
지니언스,r263860
디앤씨미디어,r263720
셀트리온헬스케어,r091990
이즈미디어,r181340
루켄테크놀러지스,r162120
에브리봇,r270660
한국제5호스팩,r271740
힘스,r238490
제일약품,r271980
브이원텍,r251630
아우딘퓨쳐스,r227610
이녹스첨단소재,r272290
카카오,r035720
알로이스,r271400
오리온,r271560
하림지주,r003380
주노콜렉션,r221670
메디안디노스틱,r233250
하나금융9호스팩,r261200
교보7호스팩,r267320
다이오진,r271850
에스알바이오텍,r270210
앤유엔터테인먼트,r266170
보라티알,r250000
한화수성스팩,r265920
매일유업,r267980
삼양옵틱스,r225190
IBKS제6호스팩,r264850
필옵틱스,r161580
미래에셋대우스팩1호,r265480
SGA임베디드,r224880
미원에스씨,r268280
경동도시가스,r267290
넷마블,r251270
오렌지라이프,r079440
현대건설기계,r267270
현대일렉트릭,r267260
현대중공업지주,r267250
엔에이치스팩10호,r256630
한화에이스스팩3호,r264290
앙츠,r267810
하나머티리얼즈,r166090
와이엠티,r251370
케이비제11호스팩,r258790
엠앤씨생명과학,r225860
파워풀엑스,r266870
크라운제과,r264900
AP시스템,r265520
유에스티,r263770
이엘피,r063760
유비쿼스,r264450
서진시스템,r178320
코미코,r183300
아스타,r246720
덴티움,r145720
대신밸런스제4호스팩,r262830
에스디생명공학,r217480
신신제약,r002800
에프엔에스테크,r083500
모바일어플라이언스,r087260
신한제3호스팩,r257730
피씨엘,r241820
호전실업,r111110
서플러스글로벌,r140070
유바이오로직스,r206650
케미메디,r205290
에스앤디,r260970
엔에이치스팩11호,r256840
오백볼트,r227420
전우정밀,r120780
피엔아이컴퍼니,r242350
퓨전데이타,r195440
DSC인베스트먼트,r241520
티에스인베스트먼트,r246690
셀젠텍,r258250
마이크로프랜드,r147760
현성바이탈,r204990
바이오프로테크,r199290
애니젠,r196300
유니온커뮤니티,r203450
신라젠,r215600
IBKS제5호스팩,r254120
핸즈코퍼레이션,r143210
오션브릿지,r241790
퓨쳐켐,r220100
뉴파워프라즈마,r144960
엘앤케이바이오,r156100
스템랩,r258540
시큐센,r232830
에이치엔티,r176440
핸디소프트,r220180
두산밥캣,r241560
SK3호스팩,r232330
비플라이소프트,r148780
수젠텍,r253840
삼성바이오로직스,r207940
클리오,r237880
오가닉티코스메틱,r900300
로고스바이오,r238120
세화피앤씨,r252500
굿센,r243870
인크로스,r216050
에이치엘사이언스,r239610
코스메카코리아,r241710
JW생명과학,r234080
GRT,r900290
안지오랩,r251280
골든센츄리,r900280
인텔리안테크,r189300
에이치시티,r072990
잉글우드랩,r950140
앤디포스,r238090
수산아이앤티,r050960
미투온,r201490
화승엔터프라이즈,r241590
유쎌,r252370
케이비제10호스팩,r250930
LS전선아시아,r229640
모두투어리츠,r204210
유니테크노,r241690
모비스,r250060
엠에프엠코리아,r251960
나무기술,r242040
자이글,r234920
일동제약,r249420
헝셩그룹,r900270
피엔에이치테크,r239890
제이에스피브이,r250300
샘표식품,r248170
에코마케팅,r230360
티케이씨,r191600
팍스넷,r038160
두올,r016740
엔지스테크널러지,r208860
우리손에프앤지,r073560
휴벡셀,r212310
에스케이씨에스,r224020
옵토팩,r123010
지노믹트리,r228760
제노텍,r066830
동서,r026960
장원테크,r174880
대유위니아,r071460
한국자산신탁,r123890
한국토지신탁,r034830
인프라웨어테크놀러지,r247300
바이오리더스,r142760
피앤씨테크,r237750
로스웰,r900260
에스엘에스바이오,r246250
씨앤에스링크,r245450
해성디에스,r195870
녹십자랩셀,r144510
에스티팜,r237690
알엔투테크놀로지,r148250
이비테크,r208850
한국4호스팩,r240540
줌인터넷,r229480
미래에셋제5호스팩,r239340
스페이스솔루션,r245030
휴온스,r243070
나눔테크,r244880
KC산업,r112190
용평리조트,r070960
영현무역,r242850
해태제과식품,r101530
원익IPS,r240810
엠로,r058970
이에스산업,r241510
인터코스,r240340
로보쓰리,r238500
레이언스,r228850
씨엠에스에듀,r225330
동양파일,r228340
대림씨엔에스,r004440
팬젠,r222110
바이옵트로,r222160
AP위성,r211270
솔트웍스,r230980
큐리언트,r115180
안트로젠,r065660
슈프리마,r236200
제이에스코퍼레이션,r194370
아이엠텍,r226350
유니트론텍,r142210
크리스탈신소재,r900250
한솔씨앤피,r221610
메디젠휴먼케어,r236340
선바이오,r067370
볼빅,r206950
이엠티,r232530
에스와이패널,r109610
질경이,r233990
코디엠,r224060
코리아오토글라스,r152330
잇츠한불,r226320
지오씨,r135160
크로넥스,r215570
와이아이케이,r232140
육일씨엔에쓰,r191410
이에스브이,r223310
휴젤,r145020
한국맥널티,r222980
덱스터,r206560
아진산업,r013310
강스템바이오텍,r217730
씨트리,r047920
에이원알폼,r234070
메가엠디,r133750
한국비엔씨,r226610
보광산업,r225530
파크시스템스,r140860
뉴트리바이오텍,r222040
에치에프알,r230240
예스티,r122640
라온테크,r232680
멕아이씨에스,r058110
에이치엔에스하이텍,r044990
미애부,r225850
엔에스,r217820
미래테크놀로지,r213090
세진중공업,r075580
하이즈항공,r221840
리드,r197210
캔서롭,r180400
매직마이크로,r127160
케이디켐,r221980
네오오토,r212560
마이크로텍,r227950
자비스,r230400
케어젠,r214370
아이진,r185490
인카금융서비스,r211050
나무가,r190510
유앤아이,r056090
금호에이치티,r214330
제주항공,r089590
본느,r226340
파마리서치바이오,r217950
더블유게임즈,r192080
연우,r115960
럭스피아,r092590
노브메타파마,r229500
젠큐릭스,r229000
에이티젠,r182400
현대코퍼레이션홀딩스,r227840
엑시콘,r092870
이엑스티,r226360
티씨엠생명과학,r228180
엄지하우스,r224810
메디쎄이,r200580
에치디프로,r214870
케이엠제약,r225430
한송네오텍,r226440
패션플랫폼,r225590
LIG넥스원,r079550
넷게임즈,r225570
제너셈,r217190
타이거일렉,r219130
HDC아이콘트롤스,r039570
동일제강,r002690
인포마크,r175140
카이노스메드,r220250
쿠첸,r225650
씨아이에스,r222080
해마로푸드서비스,r220630
에이텍티앤,r224110
웹스,r196700
AJ네트웍스,r095570
파인텍,r131760
한류에이아이센터,r222810
심텍,r222800
흥국에프엔비,r189980
쎄노텍,r222420
칩스앤미디어,r094360
제놀루션,r225220
아시아경제,r127710
엔에스컴퍼니,r224760
아이쓰리시스템,r214430
로지시스,r067730
플럼라인생명과학,r222670
켐트로스,r220260
파마리서치프로덕트,r214450
MP한강,r219550
펩트론,r087010
이노션,r214320
토니모리,r214420
네추럴FNP,r086220
아이피몬스터,r223220
미래에셋생명,r085620
RFHIC,r218410
동운아나텍,r094170
민앤지,r214180
유테크,r178780
경보제약,r214390
바이오코아,r216400
유투바이오,r221800
에스엔텍,r160600
켐온,r217600
코아스템,r166480
세미콘라이트,r214310
드림티엔터테인먼트,r220110
SK디앤디,r210980
미코바이오메드,r214610
씨앗,r103660
베셀,r177350
넵튠,r217270
미래생명자원,r218150
싸이맥스,r160980
러셀,r217500
픽셀플러스,r087600
디딤,r217620
제노포커스,r187420
틸론,r217880
관악산업,r076340
우정바이오,r215380
토박스코리아,r215480
이노인스트루먼트,r215790
우리산업,r215360
메가스터디교육,r215200
썬테크,r217320
원텍,r216280
한컴유니맥스,r215090
로보로보,r215100
디알텍,r214680
유지인트,r195990
골프존,r215000
클래시스,r214150
비엔디생활건강,r215050
엔에스쇼핑,r138250
퓨쳐스트림네트웍스,r214270
세화아이엠씨,r145210
포시에스,r189690
덕산네오룩스,r213420
한솔제지,r213500
디와이파워,r210540
국일신동,r060480
듀켐바이오,r176750
바디텍메드,r206640
썸에이지,r208640
와이제이엠게임즈,r193250
화이브라더스코리아,r204630
하이셈,r200470
휴메딕스,r200670
래몽래인,r200350
바이오로그디바이스,r208710
서전기전,r189860
아스트,r067390
오킨스전자,r080580
지란지교시큐리티,r208350
NEW,r160550
아이티센,r124500
삼성물산,r028260
소프트캠프,r210610
에듀파트너,r208890
녹십자엠에스,r142280
디티앤씨,r187220
세종머티리얼즈,r135270
셀바스헬스케어,r208370
정다운,r208140
하이로닉,r149980
랩지노믹스,r084650
빅텐츠,r210120
에이디테크놀로지,r200710
비씨월드제약,r200780
미스터블루,r207760
알테오젠,r196170
엔터메이트,r206400
SKC코오롱PI,r178920
대창스틸,r140520
피노텍,r150440
에프엔씨엔터,r173940
휴마시스,r205470
씨에스윈드,r112610
텔콘RF제약,r200230
파티게임즈,r194510
지엘팜텍,r204840
글로벌텍스프리,r204620
디에이테크놀로지,r196490
우리은행,r000030
삼성에스디에스,r018260
아이케이세미콘,r149010
액션스퀘어,r205500
엑셈,r205100
테고사이언스,r191420
슈피겐코리아,r192440
테라셈,r182690
영우디에스피,r143540
유니포인트,r121060
드림시큐리티,r203650
메디아나,r041920
데브시스터즈,r194480
만도,r204320
프로스테믹스,r203690
감마누,r192410
고려시멘트,r198440
판도라티비,r202960
서연이화,r200880
신화콘텍,r187270
쿠쿠홀딩스,r192400
파버나인,r177830
덕신하우징,r090410
창해에탄올,r004650
윈하이텍,r192390
아진엑스텍,r059120
콜마비앤에이치,r200130
화인베스틸,r133820
에이비온,r203400
트루윈,r105550
큐엠씨,r136660
데이터스트림즈,r199150
툴젠,r199800
텔루스,r196450
캐스텍코리아,r071850
BGF,r027410
나노,r187790
케이사인,r192250
코스맥스,r192820
오이솔루션,r138080
인터파크,r108790
한국정보인증,r053300
유비온,r084440
솔루에타,r154040
이지웰페어,r090850
위월드,r140660
씨이랩,r189330
씨티네트웍스,r189540
코셋,r189350
SGA솔루션즈,r184230
그린플러스,r186230
대동고려삼,r178600
청광종건,r140290
기가레인,r049080
인트로메딕,r150840
한중엔시에스,r107640
알티캐스트,r085810
종근당,r185750
현대공업,r170030
엔브이에이치코리아,r067570
디엠티,r134580
신송홀딩스,r006880
큐브엔터,r182360
라이온켐텍,r171120
램테크놀러지,r171010
THE MIDONG,r161570
골프존데카,r183410
에이씨티,r138360
아세아시멘트,r183190
해성옵틱스,r076610
내츄럴엔도텍,r168330
현대로템,r064350
수프로,r185190
테스나,r131970
파수닷컴,r150900
엘피케이,r183350
엘티씨,r170920
지엔씨에너지,r119850
한진칼,r180640
아미코젠,r092040
NHN엔터테인먼트,r181710
GH신소재,r130500
파이오링크,r170790
KG ETS,r151860
JB금융지주,r175330
나스미디어,r089600
하이골드12호,r172580
대주이엔티,r114920
비나텍,r126340
에스에이티이엔지,r158300
에스엔피제네틱스,r086460
에프앤가이드,r064850
옐로페이,r179720
이엔드디,r101360
태양기계,r116100
엑세스바이오,r950130
DSR,r155660
레고켐바이오,r141080
한국패러랠,r168490
동아에스티,r170900
인터불스,r158310
윈팩,r097800
코렌텍,r104540
제로투세븐,r159580
아이원스,r114810
우리이앤엘,r153490
아이센스,r099190
포티스,r141020
스킨앤스킨,r159910
SBI핀테크솔루션즈,r950110
우리로,r046970
디젠스,r113810
지엠비코리아,r013870
맥스로텍,r141070
와이엠씨,r155650
CJ헬로,r037560
아바텍,r149950
동일고무벨트,r163560
한국콜마,r161890
한국타이어,r161390
코이즈,r121850
모다,r149940
애경유화,r161000
하이골드8호,r159650
나노스,r151910
AJ렌터카,r068400
엠씨넥스,r097520
네이블커뮤니케이션즈,r153460
디지탈옵틱,r106520
피엔티,r137400
바다로19호,r155900
사조씨푸드,r014710
비아트론,r141000
하이골드3호,r153360
코오롱머티리얼,r144620
빛샘전자,r072950
한국ANKOR유전,r152550
휴비스,r079980
사람인에이치알,r143240
뉴로스,r126870
제룡산업,r147830
남화토건,r091590
케이탑리츠,r145270
메지온,r140410
원익머트리얼즈,r104830
디엔에이링크,r127120
GS리테일,r007070
나이스디앤비,r130580
시큐브,r131090
서암기계공업,r100660
인터지스,r129260
씨유메디칼,r115480
STC,r123260
삼양사,r145990
넥스트리밍,r139670
비덴트,r121800
에스에프씨,r112240
신진에스엠,r138070
이엠넷,r123570
와이지엔터테인먼트,r122870
쎄미시스코,r136510
에이티세미콘,r089530
테크윙,r089030
씨큐브,r101240
에스엠코어,r007820
씨엔플러스,r115530
원익테라세미콘,r123100
하나투어,r039130
케이맥,r043290
로보스타,r090360
대한과학,r131220
트러스제7호,r140890
피앤이솔루션,r131390
아이디스,r143160
에이블씨엔씨,r078520
화진,r134780
제이씨케미칼,r137950
아이씨디,r040910
제닉,r123330
데일리블록체인,r139050
삼원강재,r023000
상아프론테크,r089980
신세계인터내셔날,r031430
에이리츠,r140910
나이벡,r138610
옵티시스,r109080
대양전기공업,r108380
한국항공우주,r047810
롯데하이마트,r071840
서연탑메탈,r019770
한세엠케이,r069640
코오롱플라스틱,r138490
넥스트아이,r137940
리켐,r131100
이마트,r139480
DGB금융지주,r139130
케이티스카이라이프,r053210
엘아이에스,r138690
세아특수강,r019440
KMH,r122450
골프존뉴딘홀딩스,r121440
메리츠금융지주,r138040
윈스,r136540
하림,r136480
한국종합기술,r023350
이퓨쳐,r134060
티케이케미칼,r104480
BNK금융지주,r138930
일진머티리얼즈,r020150
부스타,r008470
현대위아,r011210
선진,r136490
미원화학,r134380
나노신소재,r121600
케이아이엔엑스,r093320
티피씨글로벌,r130740
딜리,r131180
엘비세미콘,r061970
제이엔케이히터,r126880
블루콤,r033560
인트론바이오,r048530
시디즈,r134790
다나와,r119860
알서포트,r131370
인텍플러스,r064290
티에스이,r131290
HSD엔진,r082740
액트,r131400
대성에너지,r117580
현대에이치씨엔,r126560
대정화금,r120240
케이티스,r058860
한전산업,r130660
피제이메탈,r128660
디에이치피코리아,r131030
제이스테판,r096690
엘브이엠씨,r900140
티비씨,r033830
시그네틱스,r033170
썬텍,r122800
한국전자인증,r041460
디케이락,r105740
코프라,r126600
선데이토즈,r123420
삼본정밀전자,r111870
아나패스,r123860
KNN,r058400
동양네트웍스,r030790
누리플랜,r069140
아이텍반도체,r119830
인화정공,r101930
코렌,r078650
아이씨케이,r068940
한일진공,r123840
휠라코리아,r081660
알파홀딩스,r117670
포메탈,r119500
KTcs,r058850
다원시스,r068240
현대홈쇼핑,r057050
씨젠,r096530
와이솔,r122990
하이비젼시스템,r126700
화신정공,r126640
코리아에프티,r123410
도화엔지니어링,r002150
엠에스오토텍,r123040
이글루시큐리티,r067920
대성산업,r128820
아이마켓코리아,r122900
한미약품,r128940
인터로조,r119610
하이텍팜,r106190
우진,r105840
크루셜텍,r114120
무학,r033920
에스디시스템,r121890
알톤스포츠,r123750
웅진에너지,r103130
유비벨록스,r089850
지와이커머스,r111820
오르비텍,r046120
이연제약,r102460
한솔시큐어,r070300
실리콘웍스,r108320
투비소프트,r079970
한국화장품,r123690
에스제이엠,r123700
인피니트헬스케어,r071200
모바일리더,r100030
서진오토모티브,r122690
한라홀딩스,r060980
삼성생명,r032830
신세계푸드,r031440
이스트아시아홀딩스,r900110
뉴프라이드,r900100
케이씨에스,r115500
씨케이에이치,r900120
지트리비앤티,r115450
삼기오토모티브,r122350
한화생명,r088350
이미지스,r115610
조선선재,r120030
인포바인,r115310
지투하이소닉,r106080
차이나하오란,r900090
모베이스,r101330
지스마트글로벌,r114570
코오롱인더,r120110
KC코트렐,r119650
지역난방공사,r071320
락앤락,r115390
스타플렉스,r115570
우리넷,r115440
아세아텍,r050860
영흥철강,r012160
우노앤컴퍼니,r114630
코디,r080530
우리들휴브레인,r118000
글로벌에스엠,r900070
ITX엠투엠,r099520
KPX생명과학,r114450
동양피엔에프,r104460
멜파스,r096640
위메이드,r112040
한전기술,r052690
셀바스AI,r108860
에스앤씨엔진그룹,r900080
이원컴포텍,r088290
웰크론강원,r114190
GKL,r114090
휴맥스,r115160
에이프로젠 H&G,r109960
SK,r034730
동방선기,r099410
디엠씨,r101000
진매트릭스,r109820
황금에스티,r032560
비츠로셀,r082920
하이트진로,r000080
한스바이오메드,r042520
동양생명,r082640
NHN벅스,r104200
아이앤씨,r052860
유니온머티리얼,r047400
케이엔더블유,r105330
형지엘리트,r093240
디에스케이,r109740
제넥신,r095700
톱텍,r108230
동국S&C,r100130
에스앤더블류,r103230
키움증권,r039490
게임빌,r063080
영원무역,r111770
동일금속,r109860
아주캐피탈,r033660
한미글로벌,r053690
동아지질,r028100
어보브반도체,r102120
조이맥스,r101730
차이나그레이트,r900040
이엔에프테크놀로지,r102710
스맥,r099440
해덕파워웨이,r102210
SDN,r099220
한국정밀기계,r101680
STX중공업,r071970
흥국,r010240
우림기계,r101170
티플랙스,r081150
LG하우시스,r108670
에스티오,r098660
에이테크솔루션,r071670
에스앤에스텍,r101490
뷰웍스,r100120
코오롱생명과학,r102940
엔시트론,r101400
한세실업,r105630
컨버즈,r109070
파인테크닉스,r106240
미원홀딩스,r107590
이수앱지스,r086890
대성파인텍,r104040
유비쿼스홀딩스,r078070
메디톡스,r086900
엠게임,r058630
아이컴포넌트,r059100
NAVER,r035420
에이치엘비생명과학,r067630
이크레더블,r092130
부국철강,r026940
KB금융,r105560
세운메디칼,r100700
한국철강,r104700
마이크로컨텍솔,r098120
KJ프리텍,r083470
삼강엠앤티,r100090
일진전기,r103590
풍산,r103140
LG이노텍,r011070
아이엠,r101390
웰크론한텍,r076080
코리아에스이,r101670
슈프리마에이치큐,r094840
명문제약,r017180
서울옥션,r063170
이스트소프트,r047560
비상교육,r100220
청담러닝,r096240
동성코퍼레이션,r102260
월덱스,r101160
쎄트렉아이,r099320
쌍방울,r102280
브리지텍,r064480
고영,r098460
조이시티,r067000
우진비앤지,r018620
테스,r095610
예스24,r053280
엘디티,r096870
LG유플러스,r032640
메타바이오메드,r059210
효성오앤비,r097870
네패스신소재,r087730
아티스,r101140
아시아나항공,r020560
SBS미디어홀딩스,r101060
S&TC,r100840
진양홀딩스,r100250
텔레필드,r091440
하나니켈1호,r099340
하나니켈2호,r099350
이트론,r096040
엔케이,r085310
에스맥,r097780
에스코넥,r096630
일신바이오,r068330
서원인텍,r093920
이씨에스,r067010
대창솔루션,r096350
한전KPS,r051600
아이에스이커머스,r069920
알에프세미,r096610
디엔에프,r092070
일진파워,r094820
비엠티,r086670
이아이디,r093230
기신정기,r092440
이엘케이,r094190
이엠코리아,r095190
KSS해운,r044450
효성 ITX,r094280
현우산업,r092300
유나이티드,r033270
다믈멀티미디어,r093640
디아이씨,r092200
에스에너지,r095910
성우전자,r081580
엘엠에스,r073110
제이엠티,r094970
오디텍,r080520
ISC,r095340
네오티스,r085910
미래나노텍,r095500
상보,r027580
CJ제일제당,r097950
바이오톡스텍,r086040
팬오션,r028670
연이정보통신,r090740
옴니시스템,r057540
푸른기술,r094940
웨이브일렉트로,r095270
한진중공업,r097230
빅솔론,r093190
JW홀딩스,r096760
S&K폴리텍,r091340
SK이노베이션,r096770
네오디안테크놀로지,r072770
갤럭시아컴즈,r094480
에코프로,r086520
MP그룹,r065150
컴투스,r078340
네오위즈,r095660
삼성카드,r029780
넥스트칩,r092600
엔텔스,r069410
베트남개발1,r096300
알루코,r001780
풍강,r093380
웅진씽크빅,r095720
동국제약,r086450
케이프,r064820
상신이디피,r091580
한라IMS,r092460
에프알텍,r073540
이엠텍,r091120
참좋은여행,r094850
코닉글로리,r094860
맵스리얼티1,r094800
이베스트투자증권,r078020
매커스,r093520
오스템임플란트,r048260
나노캠텍,r091970
네오팜,r092730
비에이치,r090460
오스코텍,r039200
켐트로닉스,r089010
제이스텍,r090470
동아엘텍,r088130
메타랩스,r090370
후성,r093370
휴온스글로벌,r084110
케이씨티,r089150
파트론,r091700
디에스티로봇,r090710
유니테스트,r086390
LF,r093050
에스에이티,r060540
큐에스아이,r066310
멀티캠퍼스,r067280
주연테크,r044380
코스맥스비티아이,r044820
화신테크,r086250
코세스,r089890
인천도시가스,r034590
성창오토텍,r080470
넥스턴,r089140
제이티,r089790
광진윈텍,r090150
이녹스,r088390
삼정펄프,r009770
KEC,r092220
KPX홀딩스,r092230
THE E&M,r089230
바텍,r043150
한컴MDS,r086960
HDC현대EP,r089470
루멘스,r038060
세원셀론텍,r091090
CSA 코스믹,r083660
티엘아이,r062860
한국전자금융,r063570
쇼박스,r086980
팬엔터테인먼트,r068050
루트로닉,r085370
인포뱅크,r039290
노루페인트,r090350
아모레퍼시픽,r090430
아이오케이,r078860
동우팜투테이블,r088910
롯데관광개발,r032350
제이브이엠,r054950
평화산업,r090080
우진플라임,r049800
팅크웨어,r084730
신세계I&C,r035510
진바이오텍,r086060
정산애강,r022220
진도,r088790
에이스테크,r088800
맥쿼리인프라,r088980
롯데쇼핑,r023530
셀트리온제약,r068760
GST,r083450
에너토크,r019990
제우스,r079370
한일네트웍스,r046110
뉴프렉스,r085670
유진테크,r084370
크리스탈,r083790
바이로메드,r084990
바이오니아,r064550
인콘,r083640
차바이오텍,r085660
현대글로비스,r086280
대봉엘에스,r078140
와이엔텍,r067900
케이엠,r083550
티비에이치글로벌,r084870
수성,r084180
하나금융지주,r086790
한국코퍼레이션,r050540
제일연마,r001560
모다이노칩,r080420
비에이치아이,r083650
EMW,r079190
GV,r045890
현대리바트,r079430
루미마이크로,r082800
자연과환경,r043910
와토스코리아,r079000
대한제강,r084010
인프라웨어,r041020
두올산업,r078590
서린바이오,r038070
새론오토모티브,r075180
그린케미칼,r083420
가비아,r079940
덕산하이메탈,r077360
아바코,r083930
하나마이크론,r067310
삼우엠스,r082660
엘오티베큠,r083310
이상네트웍스,r080010
동북아12호선박투자,r083370
동북아13호선박투자,r083380
대상홀딩스,r084690
아리온,r058220
코아스,r071950
메디포스트,r078160
우리이티아이,r082850
모두투어,r080160
이월드,r084680
동양고속,r084670
한미반도체,r042700
가온미디어,r078890
쏠리드,r050890
동일산업,r004890
옵트론텍,r082210
젬백스,r082270
플랜티넷,r075130
에스제이케이,r080440
삼호개발,r010960
금호타이어,r073240
이노와이어리스,r073490
인베니아,r079950
동양이엔피,r079960
제주반도체,r080220
한창산업,r079170
디이엔티,r079810
에스엔유,r080000
iMBC,r052220
서산,r079650
KMH하이텍,r052900
손오공,r066910
미래컴퍼니,r049950
아이크래프트,r052460
CJ CGV,r079160
일진다이아,r081000
메가스터디,r072870
케이에스피,r073010
KG모빌리언스,r046440
대주전자재료,r078600
텔레칩스,r054450
HB테크놀러지,r078150
도이치모터스,r067990
유니드,r014830
토비스,r051360
케이디 네이쳐 엔 바이오,r072520
상신브레이크,r041650
국일제지,r078130
DMS,r068790
사조해표,r079660
인팩,r023810
일경산업개발,r078940
시너지이노베이션,r048870
신성델타테크,r065350
GS,r078930
유니퀘스트,r077500
다스코,r058730
한국경제TV,r039340
LG디스플레이,r034220
다날,r064260
텔코웨어,r078000
형지I&C,r011080
휘닉스소재,r050090
코엔텍,r029960
와이비엠넷,r057030
CS,r065770
아미노로직스,r074430
한컴지엠디,r077280
테라젠이텍스,r066700
디에이피,r066900
한양디지텍,r078350
STX엔진,r077970
동국알앤에스,r075970
라이트론,r069540
듀오백,r073190
삼진엘앤디,r054090
에스텍파마,r041910
NICE,r034310
대교,r019680
에스모,r073070
스포츠서울,r039670
세진티에스,r067770
한솔인티큐브,r070590
삼원테크,r073640
피엠지파마,r073570
우주일렉트로,r065680
토필드,r057880
기업은행,r024110
나노메딕스,r074610
버킷스튜디오,r066410
아이리버,r060570
아프리카TV,r067160
원익QnC,r074600
로체시스템즈,r071280
에버다임,r041440
에스텍,r069510
오텍,r067170
키이스트,r054780
한솔홈데코,r025750
중앙백신,r072020
휴비츠,r065510
우리산업홀딩스,r072470
디지털대성,r068930
코스온,r069110
이수페타시스,r007660
강원랜드,r035250
유아이디,r069330
티씨케이,r064760
YG PLUS,r037270
아모텍,r052710
농심홀딩스,r072710
웰크론,r065950
파워로직스,r047310
한국금융지주,r071050
신스타임즈,r056000
이라이콤,r041520
녹원씨엔아이,r065560
유엔젤,r072130
SBS,r034120
홈캐스트,r064240
씨씨에스,r066790
웹젠,r069080
엔씨소프트,r036570
하이스틸,r071090
대화제약,r067080
우수AMS,r066590
JW신약,r067290
하츠,r066130
SBS콘텐츠허브,r046140
빅텍,r065450
탑엔지니어링,r065130
DSR제강,r069730
이루온,r065440
태경화학,r006890
재영솔루텍,r049630
한국큐빅,r021650
인터플렉스,r051370
메디프론,r065650
삼영이엔씨,r065570
브레인콘텐츠,r066980
리더스코스메틱,r016100
한농화성,r011500
바이오빌,r065940
케이피엠테크,r042040
엘앤에프,r066970
디스플레이텍,r066670
와이오엠,r066430
초록뱀,r047820
에프앤리퍼블릭,r064090
쎌바이오텍,r049960
NE능률,r053290
바른전자,r064520
현대백화점,r069960
KG이니시스,r035600
넥스트BT,r065170
대호에이엘,r069460
파라다이스,r034230
대웅제약,r069620
에너전트,r041590
마니커,r027740
S&T홀딩스,r036530
휴켐스,r069260
새로닉스,r042600
세종공업,r033530
오리엔트정공,r065500
퍼시픽바이오,r060900
국보디자인,r066620
에스아이리소스,r065420
와이디온라인,r052770
필링크,r064800
포스코강판,r058430
리노스,r039980
현대바이오,r048410
삼성출판사,r068290
에프티이앤이,r065160
세이브존I&C,r067830
에스피지,r058610
토탈소프트,r045340
교보증권,r030610
대진디엠피,r065690
서호전기,r065710
한샘,r009240
한프,r066110
서울리거,r043710
홈센타홀딩스,r060560
아비코전자,r036010
큐렉소,r060280
제낙스,r065620
이그잭스,r060230
옴니텔,r057680
우원개발,r046940
신세계건설,r034300
인선이엔티,r060150
전파기지국,r065530
SM Life Design,r063440
우신시스템,r017370
지어소프트,r051160
지엔코,r065060
셀루메드,r049180
KH바텍,r060720
알에프텍,r061040
에스폴리텍,r050760
이랜텍,r054210
라이브플렉스,r050120
케이피티유,r054410
3S,r060310
LG전자,r066570
화일약품,r061250
오상자이엘,r053980
한국콜마홀딩스,r024720
농우바이오,r054050
케이엘넷,r039420
S&T모티브,r064960
에스티아이,r039440
잉크테크,r049550
대한뉴팜,r054670
씨티씨바이오,r060590
인탑스,r049070
KT서브마린,r060370
피씨디렉트,r051380
현진소재,r053660
광주신세계,r037710
구영테크,r053270
한국기업평가,r034950
뉴보텍,r060260
동양에스텍,r060380
백금T&A,r046310
슈펙스비앤피,r058530
고려신용정보,r049720
제일바이오,r052670
서울반도체,r046890
아가방컴퍼니,r013990
일야,r058450
미코,r059090
에이앤티앤,r050320
유신,r054930
프럼파스트,r035200
한국컴퓨터,r054040
대동스틸,r048470
레드로버,r060300
링네트,r042500
제이웨이,r058420
큐로컴,r040350
팬스타엔터프라이즈,r054300
피앤텔,r054340
한빛소프트,r047080
일진디스플,r020760
NHN한국사이버결제,r060250
금강철강,r053260
룽투코리아,r060240
포스링크,r056730
SKC 솔믹스,r057500
동아화성,r041930
비츠로시스,r054220
오리엔탈정공,r014940
필룩스,r033180
크로바하이텍,r043590
리노공업,r058470
성우테크론,r045300
에스에프에이,r056190
신화인터텍,r056700
엑사이엔씨,r054940
평화정공,r043370
종근당바이오,r063160
APS홀딩스,r054620
코위버,r056360
성호전자,r043260
UCI,r038340
YW,r051390
삼영엠텍,r054540
이니텍,r053350
에이디칩스,r054630
유진로봇,r056080
태웅,r044490
경남제약,r053950
삼보모터스,r053700
포스코켐텍,r003670
한컴시큐어,r054920
코미팜,r041960
프리엠스,r053160
코나아이,r052400
중앙오션,r054180
SGA,r049470
지에스이,r053050
팜스웰바이오,r043090
소리바다,r053110
아이디스홀딩스,r054800
코데즈컴바인,r047770
안랩,r053800
신한지주,r055550
YTN,r040300
CMG제약,r058820
JYP Ent.,r035900
한국테크놀로지,r053590
KCC건설,r021320
세동,r053060
프로텍,r053610
액토즈소프트,r052790
세코닉스,r053450
바이넥스,r053030
오성첨단소재,r052420
코웨이,r021240
태양,r053620
W홀딩컴퍼니,r052300
유아이엘,r049520
대원미디어,r048910
중앙리빙테크,r051980
세아홀딩스,r058650
CJ프레시웨이,r051500
파인디앤씨,r049120
디지아이,r043360
코텍,r052330
한네트,r052600
에스티큐브,r052020
에이치엘비파워,r043220
스카이문스테크놀로지,r033790
큐로홀딩스,r051780
이에스에이,r052190
나라엠앤디,r051490
에코바이오,r038870
에이텍,r045660
SK바이오랜드,r052260
대아티아이,r045390
캠시스,r050110
SFA반도체,r036540
LG생활건강,r051900
LG화학,r051910
대우건설,r047040
포스코대우,r047050
대우조선해양,r042660
두산인프라코어,r042670
삼표시멘트,r038500
진양화학,r051630
SM C&C,r048550
승일,r049830
조광ILI,r044060
피에스엠씨,r024850
TPC,r048770
코메론,r049430
바이오제네틱스,r044480
삼화네트웍스,r046390
성광벤드,r014620
유라테크,r048430
삼현철강,r017480
오픈베이스,r049480
KCI,r036670
라온시큐어,r042510
오로라,r039830
금화피에스시,r036190
코다코,r046070
인바디,r041830
고려제약,r014570
크린앤사이언스,r045520
포스코 ICT,r022100
동원F&B,r049770
에이코넬,r033600
KD건설,r044180
이글벳,r044960
아즈텍WB,r032080
두산중공업,r034020
오리콤,r010470
위닉스,r044340
상지카일룸,r042940
한국내화,r010040
엔피케이,r048830
삼천당제약,r000250
에이치케이,r044780
정원엔시스,r045510
한양이엔지,r045100
누리텔레콤,r040160
에쎈테크,r043340
국순당,r043650
엘컴텍,r037950
이오테크닉스,r039030
상상인,r038540
서울제약,r018680
나노엔텍,r039860
파나진,r046210
오공,r045060
솔고바이오,r043100
현대정보기술,r026180
비츠로테크,r042370
코아시아홀딩스,r045970
정상제이엘에스,r040420
진양제약,r007370
넥슨지티,r041140
지니뮤직,r043610
진성티이씨,r036890
현대통신,r039010
삼아제약,r009300
파루,r043200
에스씨디,r042110
한국정보공학,r039740
디오,r039840
네오위즈홀딩스,r042420
다산네트웍스,r039560
바이오스마트,r038460
에이아이비트,r039230
우리기술,r032820
안국약품,r001540
골드퍼시픽,r038530
세중,r039310
우리기술투자,r041190
HRS,r036640
에스에이엠티,r031330
NICE평가정보,r030190
위즈코프,r038620
이건홀딩스,r039020
파인디지털,r038950
나이스정보통신,r036800
SG&G,r040610
아이에이,r038880
에스넷,r038680
에스엠,r041510
쌍용정보통신,r010280
쎄니트,r037760
대성미생물,r036480
에코플라스틱,r038110
제이콘텐트리,r036420
케이엠더블유,r032500
화성밸브,r039610
경남스틸,r039240
마크로젠,r038290
희림,r037440
레드캡투어,r038390
GS홈쇼핑,r028150
솔브레인,r036830
에프에스티,r036810
코맥스,r036690
EG,r037370
버추얼텍,r036620
성도이엔지,r037350
제일테크노스,r038010
한세예스24홀딩스,r016450
무림SP,r001810
세종텔레콤,r036630
심텍홀딩스,r036710
파세코,r037070
영풍정밀,r036560
이테크건설,r016250
KTH,r036030
서희건설,r035890
주성엔지니어링,r036930
대성홀딩스,r016710
다우데이타,r032190
동진쎄미켐,r005290
선광,r003100
씨티젠,r036170
영인프런티어,r036180
제이에스티나,r026040
한국팩키지,r037230
삼지전자,r037460
우리조명,r037400
대원제약,r003220
한국가스공사,r036460
SK머티리얼즈,r036490
네패스,r033640
인지디스플레,r037330
위지트,r036090
유니셈,r036200
유성티엔에스,r024800
이매진아시아,r036260
코리아나,r027050
SCI평가정보,r036120
더블유에프엠,r035290
서울전자통신,r027040
대성창투,r027830
예림당,r036000
미래아이앤지,r007120
CJ ENM,r035760
이지바이오,r035810
기산텔레콤,r035460
마제스타,r035480
화천기공,r000850
팜스코,r036580
케이티앤지,r033780
현대중공업,r009540
디씨엠,r024090
바른손이앤에이,r035620
솔본,r035610
시공테크,r020710
신일제약,r012790
조아제약,r034940
AK홀딩스,r006840
대한유화,r006650
백산,r035150
지투알,r035000
체시스,r033250
인성정보,r033230
인터파크홀딩스,r035080
동국산업,r005160
매일홀딩스,r005990
해성산업,r034810
자화전자,r033240
케이티,r030200
하이트론씨스템즈,r019490
녹십자셀,r031390
디에스티,r033430
제일기획,r030000
한국정보통신,r025770
파라텍,r033540
동성화인텍,r033500
디피씨,r026890
케이씨,r029460
드래곤플라이,r030350
디케이디앤아이,r033310
엠케이전자,r033160
제이씨현시스템,r033320
포스코엠텍,r009520
스페코,r013810
좋은사람들,r033340
대원화성,r024890
모아텍,r033200
코웰패션,r033290
코콤,r015710
E1,r017940
SK가스,r018670
다우기술,r023590
영보화학,r014440
이디,r033110
제룡전기,r033100
제이엠아이,r033050
디지틀조선,r033130
바이온,r032980
와이지-원,r019210
특수건설,r026150
아이즈비전,r031310
SKC,r011790
동일기연,r032960
소프트센,r032680
원익,r032940
원풍물산,r008290
웰바이오텍,r010600
한국주강,r025890
삼진,r032750
GMR 머티리얼즈,r032860
비트컴퓨터,r032850
엠젠플러스,r032790
판타지오,r032800
덕양산업,r024900
부산도시가스,r015350
에쓰씨엔지니어링,r023960
인지컨트롤스,r023800
유비케어,r032620
피델릭스,r032580
TJ미디어,r032540
휴맥스홀딩스,r028080
삼일,r032280
경동인베스트,r012320
뉴인텍,r012340
에스제이엠홀딩스,r025530
오스템,r031510
콤텍시스템,r031820
에스마크,r030270
엔에스엔,r031860
피에스케이,r031980
SK하이닉스,r000660
MH에탄올,r023150
국동,r005320
동남합성,r023450
삼성엔지니어링,r028050
신도리코,r029530
예스코홀딩스,r015360
퍼시스,r016800
세보엠이씨,r011560
한일단조,r024740
WISCOM,r024070
동원수산,r030720
미래산업,r025560
KTB투자증권,r030210
양지사,r030960
HDC,r012630
광전자,r017900
한국단자공업,r025540
원익홀딩스,r030530
한글과컴퓨터,r030520
메이슨캐피탈,r021880
대호피앤씨,r021040
바른테크놀로지,r029480
디아이,r003160
신성이엔지,r011930
티에이치엔,r019180
한온시스템,r018880
미래SCI,r028040
에이치엘비,r028300
팜스토리,r027710
세원정공,r021820
세하,r027970
영풍제지,r006740
유니온,r000910
키다리스튜디오,r020120
한섬,r020000
현대엘리베이터,r017800
환인제약,r016580
삼보판지,r023600
삼목에스폼,r018310
에이스침대,r003800
원익큐브,r014190
계룡건설산업,r013580
두산건설,r011160
서원,r021050
에스원,r012750
태경산업,r015890
한화갤러리아타임월드,r027390
리드코프,r012700
유니슨,r018000
아난티,r025980
광진실업,r026910
인터엠,r017250
신대양제지,r016590
유양디앤유,r011690
남해화학,r025860
동원금속,r018500
성안,r011300
성우하이텍,r015750
대신정보통신,r020180
서부T&D,r006730
경인양행,r012610
풀무원,r017810
현대상선,r011200
서울도시가스,r017390
이구산업,r025820
동신건설,r025950
동화기업,r025900
에넥스,r011090
에이프로젠 KIC,r007460
제이준코스메틱,r025620
한국카본,r017960
신라에스지,r025870
케이씨피드,r025880
한탑,r002680
한국선재,r025550
대성엘텍,r025440
시노펙스,r025320
PN풍년,r024940
삼천리자전거,r024950
보령메디앙스,r014100
갑을메탈,r024840
경창산업,r024910
대륙제관,r004780
동원개발,r013120
세원물산,r024830
이화전기,r024810
케이피에프,r024880
KPX케미칼,r025000
지코,r010580
태평양물산,r007980
KB오토시스,r024120
신원종합개발,r017000
흥구석유,r024060
대한약품,r023910
아트라스BX,r023890
이화공영,r001840
풍국주정,r023900
대림제지,r017650
대한광통신,r010170
동일철강,r023790
플레이위드,r023770
한국캐피탈,r023760
한일사료,r005860
KC그린홀딩스,r009440
문배철강,r008420
웅진,r016880
서연전자,r012860
CNH,r023460
국영지앤엠,r006050
유진기업,r023410
제일제강,r023440
보성파워텍,r006910
지엠피,r018290
태광,r023160
오뚜기,r007310
일정실업,r008500
한라,r014790
영신금속,r007530
LS산전,r010120
신라섬유,r001000
원일특강,r012620
서한,r011370
대양금속,r009190
이화산업,r000760
동원시스템즈,r014820
바른손,r018700
부방,r014470
삼성중공업,r010140
모토닉,r009680
화신,r010690
대명코퍼레이션,r007720
대양제지,r006580
유니크,r011320
진로발효,r018120
청보산업,r013720
삼보산업,r009620
푸드웰,r005670
푸른저축은행,r007330
피제이전자,r006140
그랜드백화점,r019010
엠에스씨,r009780
삼화페인트공업,r000390
데코앤이,r017680
행남사,r008800
경동나비엔,r009450
대동금속,r020400
광림,r014200
대원산업,r005710
큐캐피탈,r016600
한국가구,r004590
포비스티앤씨,r016670
중앙에너비스,r000440
DB,r012030
삼광글라스,r005090
삼륭물산,r014970
대림비앤코,r005750
경동제약,r011040
원풍,r008370
네이처셀,r007390
삼일기업공사,r002290
일지테크,r019540
한일화학,r007770
한국알콜,r017890
대주산업,r003310
글로본,r019660
대한해운,r005880
메리츠종금증권,r008560
세명전기,r017510
휴니드테크놀러지스,r005870
수산중공업,r017550
에이티넘인베스트,r021080
롯데케미칼,r011170
대동기어,r008830
세아베스틸,r001430
호텔신라,r008770
백광소재,r014580
화승알앤에이,r013520
신흥,r004080
화승인더스트리,r006060
극동유화,r014530
고려산업,r002140
피에스텍,r002230
대현,r016090
동국실업,r001620
광명전기,r017040
부산산업,r011390
STX,r011810
고려아연,r010130
코센,r009730
청호컴넷,r012600
우리들제약,r004720
무림페이퍼,r009200
현대차증권,r001500
금비,r008870
대동전자,r008110
원림,r005820
서흥,r008490
성문전자,r014910
넥스트사이언스,r003580
일진홀딩스,r015860
대영포장,r014160
영화금속,r012280
신풍제약,r019170
동성제약,r002210
카스,r016920
키위미디어그룹,r012170
한올바이오파마,r009420
하이록코리아,r013030
유니켐,r011330
대창,r012800
국보,r001140
일성건설,r013360
까뮤이앤씨,r013700
보락,r002760
선도전기,r007610
씨아이테크,r004920
광동제약,r009290
갤럭시아에스엠,r011420
남성,r004270
KISCO홀딩스,r001940
태영건설,r009410
한국특수형강,r007280
한솔로지스틱스,r009180
삼양통상,r002170
SK텔레콤,r017670
진양폴리우레탄,r010640
미창석유공업,r003650
삼익THK,r004380
미원상사,r002840
서연,r007860
SBI인베스트먼트,r019550
세우글로벌,r013000
현대모비스,r012330
메디플란트,r015540
KG케미칼,r001390
대우부품,r009320
현대해상,r001450
현대그린푸드,r005440
한국전력공사,r015760
국도화학,r007690
녹십자,r006280
SIMPAC,r009160
윌비스,r008600
대창단조,r015230
사조산업,r007160
한익스프레스,r014130
사조동아원,r008040
경인전자,r009140
무림P&P,r009580
인디에프,r014990
한솔피엔에스,r010420
디와이,r013570
방림,r003610
큐로,r015590
한솔케미칼,r014680
퍼스텍,r010820
엠벤처투자,r019590
제미니투자,r019570
동원산업,r006040
대덕전자,r008060
한성기업,r003680
모헨즈,r006920
이스타코,r015020
태림포장,r011280
아세아제지,r002310
화천기계,r010660
CJ씨푸드,r011150
신화실업,r001770
조일알미늄,r018470
에스엘,r005850
영원무역홀딩스,r009970
더존비즈온,r012510
보령제약,r003850
폴루스바이오팜,r007630
이건산업,r008250
모나리자,r012690
대구백화점,r006370
우성사료,r006980
유성기업,r002920
한일철강,r002220
삼익악기,r002450
화성산업,r002460
디티알오토모티브,r007340
골든브릿지증권,r001290
보해양조,r000890
혜인,r003010
금강공업,r014280
엔케이물산,r009810
율촌화학,r008730
신원,r009270
동방,r004140
한국쉘석유,r002960
부광약품,r003000
풍산홀딩스,r005810
부국증권,r001270
계양전기,r012200
한솔테크닉스,r004710
동성화학,r005190
DB금융투자,r016610
한미사이언스,r008930
삼진제약,r005500
포스코,r005490
범양건영,r002410
파미셀,r005690
동국제강,r001230
대원전선,r006340
이수화학,r005950
삼성증권,r016360
삼영무역,r002810
한양증권,r001750
금호석유화학,r011780
유안타증권,r003470
제일파마홀딩스,r002620
에이엔피,r015260
한창제지,r009460
넥센,r005720
삼성공조,r006660
세방전지,r004490
진원생명과학,r011000
참엔지니어링,r009310
한국프랜지공업,r010100
코스모신소재,r005070
덕성,r004830
신영증권,r001720
유진증권,r001200
유화증권,r003460
한신기계공업,r011700
코스모화학,r005420
가온전선,r000500
S-Oil,r010950
한화에어로스페이스,r012450
삼화전자공업,r011230
현대제철,r004020
써니전자,r004770
현대비앤지스틸,r004560
사조오양,r006090
한화투자증권,r003530
삼화전기,r009470
SK증권,r001510
평화홀딩스,r010770
일신석재,r007110
동부제철,r016380
아이에스동서,r010780
SH에너지화학,r002360
대한화섬,r003830
코리아써키트,r007810
신세계,r004170
OCI,r010060
삼일제약,r000520
인스코비,r006490
일성신약,r003120
현대건설,r000720
TCC동양,r002710
에이프로젠제약,r003060
F&F,r007700
아남전자,r008700
현대미포조선,r010620
GS건설,r006360
삼아알미늄,r006110
한국전자홀딩스,r006200
삼성SDI,r006400
삼성전기,r009150
고려개발,r004200
동부건설,r005960
케이씨티시,r009070
코오롱글로벌,r003070
빙그레,r005180
녹십자홀딩스,r005250
신한,r005450
조선내화,r000480
현대약품,r004310
남양유업,r003920
남선알미늄,r008350
한국화장품제조,r003350
삼호,r001880
현대종합상사,r011760
LS,r006260
SK네트웍스,r001740
경농,r002100
티웨이홀딩스,r004870
동방아그로,r007590
송원산업,r004430
진흥기업,r002780
한국석유공업,r004090
천일고속,r000650
대원강업,r000430
만호제강,r001080
조광피혁,r004700
세방,r004360
동양철관,r008970
대유에이텍,r002880
남광토건,r001260
삼영전자공업,r005680
신영와코루,r005800
오리엔트바이오,r002630
조비,r001550
한국공항,r005430
조광페인트,r004910
삼천리,r004690
성보화학,r003080
조흥,r002600
금양,r001570
사조대림,r003960
남영비비안,r002070
S&T중공업,r003570
한신공영,r004960
농심,r004370
삼영화학공업,r003720
성신양회,r004980
신라교역,r004970
신풍제지,r002870
종근당홀딩스,r001630
크라운해태홀딩스,r005740
한독,r002390
SG충방,r001380
SK디스커버리,r006120
샘표,r007540
흥아해운,r003280
GS글로벌,r001250
금호산업,r002990
삼부토건,r001470
삼화콘덴서공업,r001820
페이퍼코리아,r001020
동양,r001520
한화,r000880
JW중외제약,r001060
영풍,r000670
백광산업,r001340
성창기업지주,r000180
한창,r005110
삼화왕관,r004450
KR모터스,r000040
고려제강,r002240
태양금속공업,r004100
선창산업,r002820
DRB동일,r004840
넥센타이어,r002350
SG세계물산,r004060
롯데정밀화학,r004000
동화약품,r000020
대림산업,r000210
LG상사,r001120
국제약품,r002720
태광산업,r003240
부산주공,r005030
한일현대시멘트,r006390
CS홀딩스,r000590
신성통상,r005390
DB하이텍,r000990
대림통상,r006570
유유제약,r000220
강남제비스코,r000860
대신증권,r003540
NH투자증권,r005940
미래에셋대우,r006800
신일산업,r002700
삼성제약,r001360
삼성화재해상보험,r000810
삼양식품,r003230
한화손해보험,r000370
NI스틸,r008260
일동홀딩스,r000230
대동공업,r000490
오리온홀딩스,r001800
깨끗한나라,r004540
태원물산,r001420
코오롱,r002020
삼성전자,r005930
대유플러스,r000300
BYC,r001460
쌍용자동차,r003620
쌍용양회공업,r003410
SPC삼립,r005610
흥국화재,r000540
우리종금,r010050
일양약품,r007570
한진,r002320
한국수출포장공업,r002200
현대자동차,r005380
모나미,r005360
한화케미칼,r009830
아세아,r002030
카프로,r006380
롯데지주,r004990
대한방직,r001070
서울식품공업,r004410
아이에이치큐,r003560
LS네트웍스,r000680
금호전기,r001210
알보젠코리아,r002250
하이트진로홀딩스,r000140
노루홀딩스,r000320
기아자동차,r000270
효성,r004800
CJ,r001040
두산,r000150
휴스틸,r005010
DB손해보험,r005830
대웅,r003090
동양물산기업,r002900
진양산업,r003780
영진약품,r003520
케이씨씨,r002380
롯데칠성음료,r005300
일신방직,r003200
롯데푸드,r002270
아모레퍼시픽그룹,r002790
제주은행,r006220
한솔홀딩스,r004150
벽산,r007210
한국제지,r002300
롯데손해보험,r000400
대한제분,r001130
대상,r001680
LG,r003550
동아쏘시오홀딩스,r000640
코리안리,r003690
한국주철관공업,r000970
한일홀딩스,r003300
엔피씨,r004250
세아제강지주,r003030
대한전선,r001440
대한제당,r001790
삼양홀딩스,r000070
세기상사,r002420
한국타이어월드와이드,r000240
전방,r000950
대한항공,r003490
동일방직,r001530
유한양행,r000100
CJ대한통운,r000120
메리츠화재,r000060
경방,r000050
유수홀딩스,r000700
한진중공업홀딩스,r003480
